date;diesel
2025-06-20 11:07:00;1.559
2025-06-20 11:36:00;1.559
2025-06-20 12:06:00;1.559
2025-06-20 12:36:00;1.559
2025-06-20 13:06:00;1.559
2025-06-20 13:36:00;1.559
2025-06-20 14:06:00;1.549
2025-06-20 14:36:00;1.549
2025-06-20 15:06:00;1.549
2025-06-20 15:36:00;1.549
2025-06-20 16:06:00;1.549
2025-06-20 20:36:00;1.549
2025-06-20 21:06:00;1.549
2025-06-20 21:36:00;1.549
2025-06-21 09:36:00;1.589
2025-06-21 20:36:00;1.569
2025-06-21 21:06:00;1.569
2025-06-21 21:36:00;1.569
2025-06-22 09:06:00;1.589
2025-06-22 09:36:00;1.589
2025-06-22 10:06:00;1.589
2025-06-22 10:36:00;1.589
2025-06-22 11:06:00;1.589
2025-06-22 11:36:00;1.589
2025-06-22 12:06:00;1.579
2025-06-22 12:36:00;1.579
2025-06-22 13:06:00;1.579
2025-06-22 13:36:00;1.579
2025-06-22 14:06:00;1.579
2025-06-22 14:36:00;1.579
2025-06-22 15:06:00;1.579
2025-06-22 15:36:00;1.579
2025-06-22 16:06:00;1.579
2025-06-22 16:36:00;1.579
2025-06-22 17:06:00;1.579
2025-06-22 19:36:00;1.579
2025-06-22 20:06:00;1.579
2025-06-22 20:30:00;1.579
2025-06-22 21:00:00;1.579
2025-06-22 21:30:00;1.579
2025-06-22 22:00:00;1.579
2025-06-23 13:30:00;1.579
2025-06-23 14:00:00;1.579
2025-06-23 17:04:00;1.569
2025-06-23 17:30:00;1.569
2025-06-23 18:00:00;1.569
2025-06-23 18:30:00;1.569
2025-06-23 19:00:00;1.569
2025-06-23 19:30:00;1.569
2025-06-23 20:00:00;1.569
2025-06-23 20:30:00;1.569
2025-06-23 21:00:00;1.569
2025-06-23 21:30:00;1.569
2025-06-23 22:00:00;1.569
2025-06-24 09:30:00;1.589
2025-06-24 10:00:00;1.589
2025-06-25 12:13:00;1.589
2025-06-26 08:31:00;1.569
2025-06-26 08:39:00;1.569
2025-06-26 08:39:00;1.569
2025-06-26 09:25:00;1.559
2025-06-26 09:51:00;1.559
2025-06-26 09:53:00;1.559
2025-06-26 10:00:00;1.559
2025-06-26 12:29:00;1.549
2025-06-26 12:30:00;1.549
2025-06-26 12:35:00;1.549
2025-06-26 12:38:00;1.549
2025-06-26 15:12:00;1.539
2025-06-26 15:38:00;1.539
2025-06-26 16:06:00;1.539
2025-06-26 19:00:00;1.539
2025-06-26 19:30:00;1.539
2025-06-26 20:00:00;1.539
2025-06-26 20:30:00;1.539
2025-06-26 21:00:00;1.539
2025-06-26 21:30:00;1.539
2025-06-26 22:00:00;1.539
2025-06-26 22:30:00;1.589
2025-06-26 23:00:00;1.589
2025-06-28 16:30:00;1.519
2025-06-28 17:00:00;1.519
2025-06-28 17:30:00;1.519
2025-06-28 18:00:00;1.519
2025-06-28 18:30:00;1.519
2025-06-28 19:00:00;1.519
2025-06-28 19:30:00;1.519
2025-06-28 20:00:00;1.519
2025-06-28 20:30:00;1.519
2025-06-28 21:00:00;1.519
2025-06-28 21:30:00;1.519
2025-06-28 22:00:00;1.519
2025-06-29 08:30:00;1.589
2025-06-29 09:00:00;1.589
2025-06-29 09:30:00;1.589
2025-06-29 10:00:00;1.589
2025-06-29 10:30:00;1.569
2025-06-29 11:00:00;1.569
2025-06-29 11:30:00;1.569
2025-06-29 12:00:00;1.559
2025-06-29 12:30:00;1.539
2025-06-29 13:00:00;1.539
2025-06-29 13:30:00;1.539
2025-06-29 14:00:00;1.539
2025-06-29 14:30:00;1.539
2025-06-29 15:00:00;1.539
2025-06-29 15:30:00;1.539
2025-06-29 16:00:00;1.539
2025-06-29 16:30:00;1.539
2025-06-29 17:00:00;1.539
2025-06-29 18:30:00;1.539
2025-06-29 19:00:00;1.539
2025-06-30 18:40:00;1.539
2025-06-30 19:00:00;1.539
2025-06-30 19:30:00;1.539
2025-06-30 20:00:00;1.539
2025-06-30 20:30:00;1.539
2025-06-30 21:00:00;1.539
2025-06-30 21:30:00;1.539
2025-06-30 22:00:00;1.539
2025-07-01 14:40:00;1.509
2025-07-01 15:00:00;1.509
2025-07-01 15:30:00;1.509
2025-07-01 16:00:00;1.509
2025-07-01 16:30:00;1.489
2025-07-01 17:00:00;1.489
2025-07-01 17:30:00;1.489
2025-07-01 18:00:00;1.489
2025-07-01 18:30:00;1.489
2025-07-01 19:00:00;1.489
2025-07-01 19:30:00;1.489
2025-07-01 20:00:00;1.489
2025-07-01 20:30:00;1.489
2025-07-01 21:00:00;1.489
2025-07-01 21:30:00;1.489
2025-07-01 22:00:00;1.489
2025-07-02 16:30:00;1.489
2025-07-02 17:00:00;1.489
2025-07-02 17:30:00;1.489
2025-07-02 18:00:00;1.489
2025-07-02 18:30:00;1.469
2025-07-02 19:00:00;1.469
2025-07-02 19:30:00;1.469
2025-07-02 20:00:00;1.469
2025-07-02 20:30:00;1.469
2025-07-02 21:00:00;1.469
2025-07-02 21:30:00;1.469
2025-07-02 22:00:00;1.469
2025-07-03 08:30:00;1.539
2025-07-03 09:00:00;1.539
2025-07-03 09:30:00;1.529
2025-07-03 10:00:00;1.529
2025-07-03 10:30:00;1.529
2025-07-03 11:00:00;1.529
2025-07-03 11:30:00;1.529
2025-07-03 12:00:00;1.529
2025-07-03 12:30:00;1.519
2025-07-03 13:00:00;1.519
2025-07-03 13:30:00;1.519
2025-07-03 14:00:00;1.519
2025-07-03 14:30:00;1.519
2025-07-03 15:00:00;1.519
2025-07-03 15:30:00;1.519
2025-07-03 16:00:00;1.519
2025-07-03 16:30:00;1.519
2025-07-03 17:00:00;1.519
2025-07-03 17:30:00;1.519
2025-07-03 18:28:00;1.519
2025-07-03 18:30:00;1.519
2025-07-03 19:00:00;1.519
2025-07-03 19:30:00;1.519
2025-07-03 20:00:00;1.519
2025-07-03 20:30:00;1.519
2025-07-03 21:00:00;1.519
2025-07-03 21:30:00;1.519
2025-07-03 22:00:00;1.519
2025-07-05 15:12:00;1.519
2025-07-05 15:30:00;1.519
2025-07-05 16:00:00;1.519
2025-07-05 16:30:00;1.519
2025-07-05 17:00:00;1.519
2025-07-05 17:30:00;1.519
2025-07-05 18:00:00;1.519
2025-07-05 18:30:00;1.519
2025-07-05 19:00:00;1.519
2025-07-05 19:30:00;1.519
2025-07-05 20:00:00;1.489
2025-07-05 20:30:00;1.489
2025-07-05 21:00:00;1.489
2025-07-05 21:30:00;1.489
2025-07-05 22:00:00;1.489
2025-07-06 15:30:00;1.529
2025-07-06 16:00:00;1.529
2025-07-06 16:30:00;1.529
2025-07-06 17:00:00;1.529
2025-07-06 17:30:00;1.529
2025-07-06 18:00:00;1.529
2025-07-06 18:30:00;1.529
2025-07-06 19:00:00;1.529
2025-07-06 19:30:00;1.529
2025-07-06 20:00:00;1.529
2025-07-06 20:30:00;1.529
2025-07-06 21:00:00;1.529
2025-07-06 21:30:00;1.529
2025-07-06 22:00:00;1.529
2025-07-07 09:00:00;1.529
2025-07-07 09:30:00;1.529
2025-07-07 10:00:00;1.529
2025-07-07 10:30:00;1.529
2025-07-07 11:00:00;1.529
2025-07-07 11:30:00;1.529
2025-07-07 12:00:00;1.529
2025-07-07 12:30:00;1.529
2025-07-07 13:00:00;1.529
2025-07-07 13:30:00;1.529
2025-07-07 14:00:00;1.519
2025-07-07 14:30:00;1.519
2025-07-07 15:00:00;1.519
2025-07-07 15:30:00;1.519
2025-07-07 16:00:00;1.519
2025-07-07 16:30:00;1.519
2025-07-07 17:00:00;1.489
2025-07-07 17:30:00;1.489
2025-07-07 18:00:00;1.489
2025-07-07 18:30:00;1.489
2025-07-07 19:00:00;1.489
2025-07-07 19:30:00;1.489
2025-07-07 20:00:00;1.489
2025-07-07 20:30:00;1.489
2025-07-07 21:00:00;1.489
2025-07-07 21:30:00;1.489
2025-07-07 22:00:00;1.549
2025-07-08 11:31:00;1.549
2025-07-08 12:00:00;1.539
2025-07-08 12:30:00;1.539
2025-07-08 13:00:00;1.539
2025-07-08 13:30:00;1.539
2025-07-08 14:00:00;1.529
2025-07-08 14:30:00;1.529
2025-07-08 15:00:00;1.529
2025-07-08 15:30:00;1.529
2025-07-08 16:00:00;1.529
2025-07-08 16:30:00;1.529
2025-07-08 17:00:00;1.529
2025-07-08 17:30:00;1.529
2025-07-08 18:00:00;1.529
2025-07-08 18:30:00;1.529
2025-07-09 21:09:00;1.489
2025-07-09 21:30:00;1.489
2025-07-09 22:00:00;1.489
2025-07-10 10:00:00;1.539
2025-07-10 10:30:00;1.539
2025-07-10 11:00:00;1.539
2025-07-10 11:30:00;1.539
2025-07-10 12:00:00;1.539
2025-07-10 12:30:00;1.529
2025-07-10 13:00:00;1.529
2025-07-10 13:30:00;1.529
2025-07-10 14:00:00;1.529
2025-07-10 14:30:00;1.529
2025-07-10 15:00:00;1.529
2025-07-10 15:30:00;1.529
2025-07-10 16:00:00;1.529
2025-07-10 16:30:00;1.529
2025-07-10 17:00:00;1.529
2025-07-10 17:30:00;1.529
2025-07-10 18:00:00;1.529
2025-07-10 18:30:00;1.529
2025-07-10 19:00:00;1.529
2025-07-10 19:30:00;1.529
2025-07-10 20:00:00;1.529
2025-07-10 20:30:00;1.529
2025-07-10 21:00:00;1.529
2025-07-10 21:30:00;1.529
2025-07-10 22:00:00;1.589
2025-07-11 08:30:00;1.589
2025-07-11 09:00:00;1.539
2025-07-11 09:30:00;1.539
2025-07-11 10:00:00;1.539
2025-07-11 10:30:00;1.539
2025-07-11 11:00:00;1.539
2025-07-11 11:30:00;1.539
2025-07-11 12:00:00;1.539
2025-07-11 12:30:00;1.539
2025-07-11 13:00:00;1.539
2025-07-11 13:30:00;1.539
2025-07-11 14:00:00;1.539
2025-07-11 14:30:00;1.529
2025-07-11 15:00:00;1.529
2025-07-11 15:30:00;1.529
2025-07-11 16:00:00;1.529
2025-07-11 16:30:00;1.529
2025-07-13 13:30:00;1.539
2025-07-13 14:00:00;1.519
2025-07-13 14:30:00;1.519
2025-07-13 15:00:00;1.519
2025-07-13 15:30:00;1.519
2025-07-13 16:00:00;1.519
2025-07-13 16:30:00;1.519
2025-07-13 17:00:00;1.519
2025-07-13 17:30:00;1.519
2025-07-13 18:00:00;1.519
2025-07-13 18:30:00;1.519
2025-07-13 19:00:00;1.519
2025-07-13 19:30:00;1.519
2025-07-13 20:00:00;1.519
2025-07-13 20:30:00;1.519
2025-07-13 21:00:00;1.519
2025-07-13 21:30:00;1.519
2025-07-14 08:30:00;1.539
2025-07-14 09:00:00;1.539
2025-07-14 09:30:00;1.529
2025-07-14 14:00:00;1.519
2025-07-14 14:30:00;1.519
2025-07-14 15:00:00;1.519
2025-07-14 15:30:00;1.519
2025-07-14 16:00:00;1.509
2025-07-14 16:30:00;1.509
2025-07-14 17:00:00;1.509
2025-07-14 17:30:00;1.509
2025-07-14 18:00:00;1.509
2025-07-14 18:30:00;1.509
2025-07-14 19:00:00;1.509
2025-07-14 19:30:00;1.509
2025-07-14 20:00:00;1.509
2025-07-14 20:30:00;1.509
2025-07-14 21:00:00;1.509
2025-07-14 21:30:00;1.509
2025-07-14 22:00:00;1.589
2025-07-15 09:00:00;1.549
2025-07-15 09:30:00;1.549
2025-07-15 14:00:00;1.529
2025-07-15 14:30:00;1.529
2025-07-15 15:00:00;1.529
2025-07-15 15:30:00;1.529
2025-07-15 16:00:00;1.529
2025-07-15 16:30:00;1.529
2025-07-15 17:00:00;1.529
2025-07-15 17:30:00;1.529
2025-07-15 18:00:00;1.529
2025-07-16 08:00:00;1.589
2025-07-16 08:30:00;1.589
2025-07-16 09:00:00;1.589
2025-07-16 09:30:00;1.589
2025-07-16 13:40:00;1.549
2025-07-16 14:00:00;1.539
2025-07-16 14:30:00;1.539
2025-07-16 15:00:00;1.539
2025-07-16 15:30:00;1.539
2025-07-16 16:00:00;1.529
2025-07-16 16:30:00;1.529
2025-07-16 17:00:00;1.529
2025-07-16 17:30:00;1.529
2025-07-16 18:00:00;1.529
2025-07-16 18:30:00;1.529
2025-07-16 19:00:00;1.529
2025-07-16 19:30:00;1.529
2025-07-17 16:00:00;1.519
2025-07-17 16:30:00;1.519
2025-07-17 17:00:00;1.519
2025-07-17 17:30:00;1.519
2025-07-17 18:00:00;1.519
2025-07-17 18:30:00;1.519
2025-07-17 19:00:00;1.519
2025-07-17 19:30:00;1.519
2025-07-17 20:00:00;1.519
2025-07-17 20:30:00;1.519
2025-07-17 21:00:00;1.519
2025-07-17 21:30:00;1.519
2025-07-17 22:00:00;1.589
2025-07-18 10:30:00;1.579
2025-07-18 11:00:00;1.579
2025-07-18 11:30:00;1.569
2025-07-18 12:00:00;1.569
2025-07-18 12:30:00;1.539
2025-07-18 13:00:00;1.539
2025-07-18 13:30:00;1.539
2025-07-18 14:00:00;1.529
2025-07-18 14:30:00;1.529
2025-07-18 15:00:00;1.529
2025-07-18 15:30:00;1.529
2025-07-18 19:30:00;1.519
2025-07-18 20:00:00;1.519
2025-07-18 20:30:00;1.519
2025-07-18 21:00:00;1.519
2025-07-18 21:30:00;1.519
2025-07-18 22:00:00;1.519
2025-07-19 10:30:00;1.589
2025-07-19 11:00:00;1.589
2025-07-19 11:30:00;1.539
2025-07-19 12:00:00;1.539
2025-07-19 12:30:00;1.529
2025-07-19 13:00:00;1.529
2025-07-19 13:30:00;1.529
2025-07-19 14:00:00;1.529
2025-07-19 14:30:00;1.529
2025-07-19 15:00:00;1.529
2025-07-19 15:30:00;1.529
2025-07-19 16:00:00;1.529
2025-07-19 16:30:00;1.529
2025-07-19 17:00:00;1.529
2025-07-19 17:30:00;1.529
2025-07-19 18:00:00;1.529
2025-07-19 20:30:00;1.529
2025-07-19 21:00:00;1.529
2025-07-19 21:30:00;1.529
2025-07-19 22:00:00;1.529
2025-07-20 09:30:00;1.589
2025-07-20 10:00:00;1.589
2025-07-20 10:30:00;1.589
2025-07-20 11:00:00;1.589
2025-07-20 11:30:00;1.579
2025-07-20 12:00:00;1.579
2025-07-20 12:30:00;1.569
2025-07-20 13:00:00;1.569
2025-07-20 13:30:00;1.569
2025-07-20 14:00:00;1.569
2025-07-20 14:30:00;1.569
2025-07-20 15:00:00;1.569
2025-07-20 15:30:00;1.569
2025-07-20 16:00:00;1.569
2025-07-20 16:30:00;1.569
2025-07-20 17:00:00;1.569
2025-07-20 17:30:00;1.569
2025-07-20 18:00:00;1.569
2025-07-20 18:30:00;1.569
2025-07-20 19:00:00;1.569
2025-07-20 19:30:00;1.569
2025-07-20 20:00:00;1.569
2025-07-20 20:30:00;1.569
2025-07-20 21:00:00;1.569
2025-07-20 21:30:00;1.569
2025-07-21 09:00:00;1.589
2025-07-21 09:30:00;1.589
2025-07-21 10:00:00;1.529
2025-07-21 10:30:00;1.529
2025-07-21 11:00:00;1.529
2025-07-21 11:30:00;1.529
2025-07-21 12:00:00;1.529
2025-07-21 12:30:00;1.529
2025-07-21 13:00:00;1.529
2025-07-21 13:30:00;1.529
2025-07-21 14:00:00;1.529
2025-07-21 14:30:00;1.529
2025-07-21 15:00:00;1.529
2025-07-21 15:30:00;1.529
2025-07-21 16:00:00;1.529
2025-07-21 16:30:00;1.529
2025-07-21 17:00:00;1.529
2025-07-21 17:30:00;1.529
2025-07-21 18:00:00;1.529
2025-07-21 18:30:00;1.529
2025-07-21 19:00:00;1.529
2025-07-21 19:30:00;1.529
2025-07-21 20:00:00;1.529
2025-07-21 20:30:00;1.529
2025-07-21 21:00:00;1.529
2025-07-21 21:30:00;1.529
2025-07-21 22:00:00;1.529
2025-07-22 09:00:00;1.589
2025-07-22 09:30:00;1.549
2025-07-22 10:00:00;1.549
2025-07-22 10:30:00;1.549
2025-07-22 11:00:00;1.549
2025-07-22 11:30:00;1.549
2025-07-22 12:00:00;1.529
2025-07-22 12:30:00;1.529
2025-07-22 13:00:00;1.529
2025-07-22 13:30:00;1.529
2025-07-22 14:00:00;1.529
2025-07-22 14:30:00;1.529
2025-07-22 15:00:00;1.529
2025-07-22 15:30:00;1.529
2025-07-22 16:00:00;1.529
2025-07-22 16:30:00;1.529
2025-07-22 17:00:00;1.529
2025-07-22 17:30:00;1.529
2025-07-22 18:00:00;1.529
2025-07-22 18:30:00;1.529
2025-07-23 10:00:00;1.519
2025-07-23 18:30:00;1.519
2025-07-23 19:00:00;1.519
2025-07-23 19:30:00;1.519
2025-07-24 10:30:00;1.549
2025-07-24 11:00:00;1.549
2025-07-24 11:30:00;1.549
2025-07-24 12:00:00;1.549
2025-07-24 12:30:00;1.549
2025-07-24 13:00:00;1.549
2025-07-24 13:30:00;1.549
2025-07-24 14:00:00;1.549
2025-07-24 14:30:00;1.549
2025-07-24 15:00:00;1.549
2025-07-24 15:30:00;1.549
2025-07-24 16:00:00;1.549
2025-07-24 16:30:00;1.529
2025-07-24 17:00:00;1.529
2025-07-24 17:30:00;1.529
2025-07-24 18:00:00;1.529
2025-07-24 18:30:00;1.529
2025-07-24 19:00:00;1.529
2025-07-24 19:30:00;1.529
2025-07-24 20:00:00;1.529
2025-07-24 20:30:00;1.529
2025-07-24 21:00:00;1.529
2025-07-24 21:30:00;1.529
2025-07-24 22:00:00;1.529
2025-07-25 08:30:00;1.589
2025-07-25 09:00:00;1.559
2025-07-25 09:30:00;1.559
2025-07-25 10:00:00;1.559
2025-07-25 10:30:00;1.559
2025-07-25 11:00:00;1.559
2025-07-25 11:30:00;1.549
2025-07-25 12:00:00;1.549
2025-07-25 12:30:00;1.549
2025-07-25 13:00:00;1.539
2025-07-25 13:30:00;1.539
2025-07-25 14:00:00;1.539
2025-07-25 17:00:00;1.529
2025-07-25 17:30:00;1.529
2025-07-25 18:00:00;1.529
2025-07-25 18:30:00;1.519
2025-07-25 19:00:00;1.519
2025-07-25 19:30:00;1.519
2025-07-25 20:00:00;1.519
2025-07-25 20:30:00;1.519
2025-07-25 21:00:00;1.519
2025-07-26 08:00:00;1.589
2025-07-26 08:30:00;1.589
2025-07-26 09:00:00;1.589
2025-07-26 09:30:00;1.549
2025-07-26 10:00:00;1.549
2025-07-26 10:30:00;1.549
2025-07-26 11:00:00;1.549
2025-07-26 11:30:00;1.549
2025-07-26 12:00:00;1.529
2025-07-26 12:30:00;1.529
2025-07-26 13:00:00;1.529
2025-07-26 13:30:00;1.529
2025-07-26 14:00:00;1.529
2025-07-26 14:30:00;1.519
2025-07-26 15:00:00;1.519
2025-07-26 15:30:00;1.519
2025-07-26 16:00:00;1.519
2025-07-26 16:30:00;1.519
2025-07-26 17:00:00;1.519
2025-07-26 17:30:00;1.519
2025-07-27 10:30:00;1.539
2025-07-27 11:00:00;1.539
2025-07-27 11:30:00;1.539
2025-07-27 12:00:00;1.539
2025-07-27 12:30:00;1.539
2025-07-27 13:00:00;1.539
2025-07-27 13:30:00;1.539
2025-07-27 14:00:00;1.539
2025-07-27 14:30:00;1.519
2025-07-27 15:00:00;1.519
2025-07-27 15:30:00;1.519
2025-07-27 20:24:00;1.519
2025-07-27 20:30:00;1.519
2025-07-27 21:00:00;1.519
2025-07-27 21:30:00;1.519
2025-07-27 22:00:00;1.519
2025-07-28 15:30:00;1.539
2025-07-28 16:00:00;1.539
2025-07-28 16:30:00;1.539
2025-07-28 17:30:00;1.539
2025-07-28 18:00:00;1.539
2025-07-28 18:30:00;1.539
2025-07-28 19:00:00;1.539
2025-07-28 19:30:00;1.539
2025-07-28 20:00:00;1.539
2025-07-28 20:30:00;1.539
2025-07-28 21:00:00;1.539
2025-07-28 21:30:00;1.539
2025-07-29 13:34:00;1.549
2025-07-29 14:00:00;1.529
2025-07-29 14:30:00;1.529
2025-07-29 15:00:00;1.529
2025-07-29 15:30:00;1.529
2025-07-29 16:00:00;1.529
2025-07-29 16:30:00;1.529
2025-07-29 17:00:00;1.529
2025-07-29 17:30:00;1.529
2025-07-29 18:00:00;1.529
2025-07-29 18:30:00;1.529
2025-07-29 19:00:00;1.519
2025-07-29 19:30:00;1.519
2025-07-29 20:00:00;1.519
2025-07-29 20:30:00;1.509
2025-07-30 15:04:00;1.559
2025-07-30 15:30:00;1.559
2025-07-30 16:00:00;1.549
2025-07-30 16:30:00;1.549
2025-07-30 17:00:00;1.549
2025-07-30 17:30:00;1.549
2025-07-30 18:00:00;1.549
2025-07-30 18:30:00;1.539
2025-07-30 19:00:00;1.539
2025-07-30 19:30:00;1.539
2025-07-30 20:00:00;1.539
2025-07-31 08:30:00;1.589
2025-07-31 09:00:00;1.589
2025-07-31 09:30:00;1.589
2025-07-31 10:00:00;1.579
2025-07-31 10:30:00;1.579
2025-07-31 11:00:00;1.579
2025-07-31 11:30:00;1.579
2025-07-31 12:00:00;1.579
2025-07-31 12:30:00;1.559
2025-07-31 21:00:00;1.519
2025-08-01 09:30:00;1.559
2025-08-01 10:00:00;1.559
2025-08-01 10:30:00;1.539
2025-08-01 11:00:00;1.539
2025-08-01 11:30:00;1.539
2025-08-01 12:00:00;1.539
2025-08-01 12:30:00;1.539
2025-08-01 13:00:00;1.539
2025-08-01 13:30:00;1.539
2025-08-01 14:00:00;1.539
2025-08-01 14:30:00;1.539
2025-08-01 15:00:00;1.539
2025-08-01 15:30:00;1.539
2025-08-01 16:00:00;1.539
2025-08-01 16:30:00;1.539
2025-08-01 17:00:00;1.539
2025-08-01 17:30:00;1.539
2025-08-01 18:00:00;1.539
2025-08-01 18:30:00;1.539
2025-08-01 19:00:00;1.539
2025-08-01 19:30:00;1.539
2025-08-01 20:00:00;1.539
2025-08-01 20:30:00;1.539
2025-08-01 21:00:00;1.539
2025-08-01 21:30:00;1.539
2025-08-02 09:30:00;1.589
2025-08-02 10:00:00;1.589
2025-08-02 10:30:00;1.569
2025-08-02 11:00:00;1.569
2025-08-02 11:30:00;1.569
2025-08-02 17:00:00;1.549
2025-08-02 17:30:00;1.549
2025-08-02 18:00:00;1.539
2025-08-02 18:30:00;1.539
2025-08-02 19:00:00;1.539
2025-08-02 19:30:00;1.539
2025-08-02 20:00:00;1.539
2025-08-02 20:30:00;1.539
2025-08-02 21:00:00;1.539
2025-08-02 21:30:00;1.539
2025-08-02 22:00:00;1.539
2025-08-03 10:00:00;1.589
2025-08-03 10:30:00;1.549
2025-08-03 11:00:00;1.549
2025-08-03 11:34:00;1.539
2025-08-03 12:00:00;1.539
2025-08-03 12:30:00;1.529
2025-08-03 13:00:00;1.529
2025-08-03 13:30:00;1.529
2025-08-03 14:00:00;1.529
2025-08-03 21:30:00;1.529
2025-08-03 22:00:00;1.529
2025-08-04 09:30:00;1.569
2025-08-04 10:00:00;1.569
2025-08-04 10:30:00;1.569
2025-08-04 11:00:00;1.569
2025-08-04 11:30:00;1.569
2025-08-04 12:00:00;1.559
2025-08-04 12:30:00;1.559
2025-08-04 13:00:00;1.559
2025-08-04 13:30:00;1.559
2025-08-04 18:00:00;1.549
2025-08-04 18:30:00;1.539
2025-08-04 19:00:00;1.539
2025-08-04 19:30:00;1.539
2025-08-04 20:00:00;1.539
2025-08-04 20:30:00;1.539
2025-08-04 21:00:00;1.539
2025-08-04 21:30:00;1.539
2025-08-04 22:00:00;1.589
2025-08-05 17:53:00;1.519
2025-08-05 18:00:00;1.519
2025-08-05 18:30:00;1.519
2025-08-06 13:30:00;1.539
2025-08-06 14:00:00;1.529
2025-08-06 14:30:00;1.529
2025-08-06 15:00:00;1.529
2025-08-06 15:30:00;1.529
2025-08-06 16:00:00;1.529
2025-08-06 16:30:00;1.519
2025-08-06 17:00:00;1.519
2025-08-06 18:28:00;1.509
2025-08-06 18:30:00;1.509
2025-08-06 19:00:00;1.509
2025-08-06 19:30:00;1.509
2025-08-06 20:00:00;1.509
2025-08-07 09:00:00;1.589
2025-08-07 09:30:00;1.549
2025-08-07 10:00:00;1.549
2025-08-07 10:30:00;1.549
2025-08-07 11:00:00;1.549
2025-08-07 15:30:00;1.519
2025-08-07 18:30:00;1.519
2025-08-07 19:00:00;1.489
2025-08-07 19:30:00;1.489
2025-08-07 20:00:00;1.489
2025-08-07 20:30:00;1.489
2025-08-07 22:00:00;1.489
2025-08-08 16:31:00;1.509
2025-08-08 17:00:00;1.509
2025-08-08 18:10:00;1.509
2025-08-08 18:30:00;1.489
2025-08-08 19:00:00;1.489
2025-08-08 19:30:00;1.489
2025-08-08 20:00:00;1.489
2025-08-08 20:31:00;1.489
2025-08-09 10:30:00;1.529
2025-08-09 11:00:00;1.529
2025-08-09 11:30:00;1.529
2025-08-09 12:00:00;1.529
2025-08-09 12:53:00;1.519
2025-08-09 13:00:00;1.519
2025-08-09 13:30:00;1.519
2025-08-09 14:00:00;1.519
2025-08-09 14:30:00;1.519
2025-08-09 16:23:00;1.519
2025-08-09 16:30:00;1.519
2025-08-09 17:00:00;1.519
2025-08-09 17:30:00;1.519
2025-08-09 19:00:00;1.519
2025-08-09 19:30:00;1.519
2025-08-09 20:00:00;1.519
2025-08-09 20:30:00;1.519
2025-08-09 21:00:00;1.519
2025-08-09 21:30:00;1.519
2025-08-10 11:30:00;1.519
2025-08-10 12:00:00;1.519
2025-08-10 12:30:00;1.509
2025-08-10 13:00:00;1.509
2025-08-10 13:30:00;1.509
2025-08-10 15:51:00;1.509
2025-08-10 16:00:00;1.509
2025-08-10 16:30:00;1.489
2025-08-10 17:00:00;1.489
2025-08-10 17:30:00;1.489
2025-08-10 18:00:00;1.489
2025-08-11 16:42:00;1.509
2025-08-11 17:00:00;1.489
2025-08-11 20:30:00;1.489
2025-08-11 21:00:00;1.489
2025-08-11 21:30:00;1.489
2025-08-11 22:00:00;1.489
2025-08-12 18:30:00;1.479
2025-08-12 19:00:00;1.479
2025-08-12 19:30:00;1.479
2025-08-13 17:30:00;1.479
2025-08-13 18:00:00;1.479
2025-08-13 20:01:00;1.479
2025-08-13 20:30:00;1.479
2025-08-13 21:00:00;1.479
2025-08-13 21:30:00;1.479
2025-08-13 22:00:00;1.479
2025-08-15 16:30:00;1.469
2025-08-15 17:30:00;1.469
2025-08-15 18:00:00;1.469
2025-08-15 18:30:00;1.469
2025-08-16 10:43:00;1.589
2025-08-16 11:00:00;1.529
2025-08-16 11:30:00;1.529
2025-08-16 12:00:00;1.529
2025-08-16 16:00:00;1.479
2025-08-16 16:30:00;1.479
2025-08-16 17:00:00;1.479
2025-08-16 17:30:00;1.479
2025-08-16 20:00:00;1.479
2025-08-16 20:30:00;1.479
2025-08-17 09:00:00;1.589
2025-08-17 09:30:00;1.589
2025-08-17 10:00:00;1.589
2025-08-17 10:32:00;1.589
2025-08-17 11:00:00;1.589
2025-08-17 11:30:00;1.589
2025-08-17 14:02:00;1.479
2025-08-17 14:30:00;1.479
2025-08-17 15:00:00;1.479
2025-08-17 20:30:00;1.459
2025-08-17 21:00:00;1.459
2025-08-18 08:06:00;1.589
2025-08-18 08:30:00;1.579
2025-08-18 09:00:00;1.579
2025-08-18 09:30:00;1.489
2025-08-18 10:00:00;1.489
2025-08-18 12:43:00;1.469
2025-08-18 13:00:00;1.469
2025-08-18 20:30:00;1.459
2025-08-19 08:30:00;1.559
2025-08-19 09:00:00;1.559
2025-08-19 09:30:00;1.509
2025-08-19 10:01:00;1.509
2025-08-20 08:15:00;1.589
2025-08-20 08:30:00;1.569
2025-08-20 09:00:00;1.489
2025-08-20 09:30:00;1.489
2025-08-20 10:00:00;1.489
2025-08-21 08:30:00;1.499
2025-08-21 09:00:00;1.489
2025-08-21 09:30:00;1.489
2025-08-21 10:01:00;1.489
2025-08-21 10:30:00;1.489
2025-08-24 11:40:00;1.499
2025-08-24 12:00:00;1.499
2025-08-24 12:30:00;1.489
2025-08-24 13:00:00;1.489
2025-08-24 13:30:00;1.489
2025-08-24 14:00:00;1.489
2025-08-25 11:30:00;1.499
2025-08-25 12:00:00;1.499
2025-08-25 16:00:00;1.479
2025-08-25 16:30:00;1.479
2025-08-25 17:00:00;1.479
2025-08-25 17:30:00;1.479
2025-08-29 13:00:00;1.479
2025-08-31 19:30:00;1.479
2025-08-31 20:00:00;1.479
2025-08-31 20:30:00;1.479
2025-08-31 21:00:00;1.479
2025-08-31 21:30:00;1.479
2025-09-16 16:30:00;1.489
2025-09-16 17:00:00;1.479
2025-09-16 17:30:00;1.479
2025-09-16 18:00:00;1.479
2025-09-16 19:00:00;1.479
2025-09-16 19:30:00;1.479
2025-09-16 20:17:00;1.479
2025-09-16 20:30:00;1.479
2025-09-16 21:00:00;1.479
2025-09-16 21:30:00;1.479
2025-09-16 22:00:00;1.479
2025-09-18 13:00:00;1.479
2025-09-18 13:30:00;1.479
2025-09-18 14:34:00;1.479
2025-09-18 15:43:00;1.479
2025-09-19 16:09:00;1.489
2025-11-02 14:23:00;1.529
2025-11-02 14:23:00;1.529
2025-11-02 14:40:00;1.529
2025-11-02 15:00:00;1.529
2025-11-02 15:30:00;1.529
2025-11-02 19:00:00;1.529
2025-11-02 19:30:00;1.529
2025-11-02 20:00:00;1.529
2025-11-02 20:30:00;1.529
2025-11-02 21:00:00;1.529
2025-11-02 21:30:00;1.529
2025-11-02 22:00:00;1.529
2025-11-03 10:30:00;1.549
2025-11-03 11:00:00;1.549
2025-11-03 11:43:00;1.539
2025-11-03 12:00:00;1.539
2025-11-03 13:30:00;1.529
2025-11-03 14:00:00;1.519
2025-11-03 14:30:00;1.519
2025-11-03 15:00:00;1.519
2025-11-03 15:30:00;1.519
2025-11-03 16:00:00;1.519
2025-11-03 16:30:00;1.519
2025-11-03 17:00:00;1.519
2025-11-03 17:30:00;1.519
2025-11-03 18:00:00;1.519
2025-11-03 18:30:00;1.519
2025-11-03 19:00:00;1.519
2025-11-03 19:30:00;1.519
2025-11-03 20:00:00;1.519
2025-11-03 20:30:00;1.519
2025-11-03 21:00:00;1.519
2025-11-04 11:30:00;1.549
2025-11-04 12:00:00;1.539
2025-11-04 12:30:00;1.539
2025-11-04 13:00:00;1.539
2025-11-04 13:30:00;1.539
2025-11-04 14:00:00;1.529
2025-11-04 14:30:00;1.529
2025-11-04 15:00:00;1.529
2025-11-04 15:30:00;1.529
2025-11-04 17:38:00;1.529
2025-11-04 18:00:00;1.529
2025-11-05 20:30:00;1.529
2025-11-05 21:00:00;1.529
2025-11-05 21:30:00;1.529
2025-11-05 22:00:00;1.529
2025-11-06 15:30:00;1.529
2025-11-06 16:00:00;1.529
2025-11-06 16:30:00;1.529
2025-11-06 17:00:00;1.529
2025-11-06 17:30:00;1.529
2025-11-06 21:30:00;1.529
2025-11-06 22:00:00;1.529
2025-11-07 09:00:00;1.579
2025-11-07 09:30:00;1.569
2025-11-07 10:00:00;1.569
2025-11-07 10:30:00;1.569
2025-11-07 11:00:00;1.569
2025-11-07 11:30:00;1.569
2025-11-09 18:08:00;1.569
2025-11-09 18:30:00;1.569
2025-11-09 19:00:00;1.569
2025-11-09 22:00:00;1.569
2025-11-10 09:00:00;1.639
2025-11-10 09:30:00;1.619
2025-11-10 11:36:00;1.619
2025-11-10 12:00:00;1.589
2025-11-10 12:30:00;1.589
2025-11-10 13:00:00;1.589
2025-11-10 13:30:00;1.589
2025-11-10 14:00:00;1.579
2025-11-10 14:30:00;1.579
2025-11-10 15:00:00;1.579
2025-11-10 15:30:00;1.579
2025-11-10 16:00:00;1.579
2025-11-10 16:30:00;1.579
2025-11-10 17:00:00;1.579
2025-11-10 17:30:00;1.579
2025-11-10 18:00:00;1.579
2025-11-10 19:43:00;1.579
2025-11-10 20:00:00;1.579
2025-11-10 20:30:00;1.579
2025-11-10 21:00:00;1.579
2025-11-10 21:30:00;1.579
2025-11-11 08:30:00;1.639
2025-11-11 09:00:00;1.579
2025-11-11 09:30:00;1.579
2025-11-11 10:00:00;1.579
2025-11-11 10:30:00;1.579
2025-11-11 11:00:00;1.579
2025-11-11 11:30:00;1.559
2025-11-11 12:00:00;1.549
2025-11-11 12:30:00;1.549
2025-11-11 13:00:00;1.549
2025-11-11 13:30:00;1.549
2025-11-11 14:00:00;1.539
2025-11-11 14:30:00;1.539
2025-11-11 15:00:00;1.539
2025-11-11 15:30:00;1.539
2025-11-11 16:00:00;1.529
2025-11-11 16:30:00;1.529
2025-11-11 17:00:00;1.529
2025-11-11 17:30:00;1.529
2025-11-11 18:00:00;1.519
2025-11-11 18:30:00;1.519
2025-11-12 09:00:00;1.589
2025-11-12 09:30:00;1.589
2025-11-12 10:00:00;1.579
2025-11-12 10:30:00;1.579
2025-11-12 11:00:00;1.579
2025-11-12 11:30:00;1.579
2025-11-12 15:30:00;1.509
2025-11-12 16:00:00;1.509
2025-11-12 16:30:00;1.499
2025-11-12 17:00:00;1.499
2025-11-12 17:30:00;1.499
2025-11-12 20:01:00;1.499
2025-11-12 20:30:00;1.499
2025-11-12 21:00:00;1.499
2025-11-12 21:30:00;1.499
2025-11-12 22:00:00;1.499
2025-11-13 15:30:00;1.529
2025-11-13 16:00:00;1.529
2025-11-13 16:30:00;1.529
2025-11-13 17:00:00;1.529
2025-11-13 21:32:00;1.529
2025-11-14 09:27:00;1.589
2025-11-14 09:30:00;1.589
2025-11-14 10:00:00;1.589
2025-11-14 10:30:00;1.589
2025-11-14 18:35:00;1.559
2025-11-14 19:00:00;1.559
2025-11-15 18:13:00;1.559
2025-11-15 18:30:00;1.559
2025-11-15 19:00:00;1.559
2025-11-15 19:30:00;1.559
2025-11-17 09:30:00;1.599
2025-11-17 13:00:00;1.569
2025-11-17 13:30:00;1.569
2025-11-17 14:00:00;1.559
2025-11-17 14:30:00;1.559
2025-11-17 15:00:00;1.559
2025-11-17 15:30:00;1.559
2025-11-17 16:00:00;1.559
2025-11-17 16:30:00;1.549
2025-11-17 17:00:00;1.549
2025-11-17 17:30:00;1.549
2025-11-17 18:00:00;1.549
2025-11-17 19:07:00;1.549
2025-11-17 19:30:00;1.549
2025-11-17 20:00:00;1.549
2025-11-17 20:30:00;1.549
2025-11-17 21:00:00;1.549
2025-11-17 21:30:00;1.549
2025-11-17 22:00:00;1.549
2025-11-18 09:30:00;1.569
2025-11-18 10:00:00;1.569
2025-11-18 10:30:00;1.569
2025-11-18 11:00:00;1.559
2025-11-18 11:30:00;1.559
2025-11-18 12:00:00;1.559
2025-11-18 12:30:00;1.559
2025-11-18 13:00:00;1.559
2025-11-18 13:30:00;1.559
2025-11-18 14:00:00;1.549
2025-11-18 14:30:00;1.549
2025-11-18 15:00:00;1.549
2025-11-18 15:41:00;1.549
2025-11-18 18:01:00;1.529
2025-11-18 18:30:00;1.529
2025-11-19 09:30:00;1.549
2025-11-19 10:00:00;1.549
2025-11-19 10:30:00;1.549
2025-11-19 11:00:00;1.549
2025-11-19 11:30:00;1.549
2025-11-19 12:00:00;1.549
2025-11-19 12:30:00;1.549
2025-11-19 13:00:00;1.549
2025-11-19 15:30:00;1.549
2025-11-19 16:00:00;1.549
2025-11-19 16:30:00;1.539
2025-11-19 17:58:00;1.539
2025-11-19 18:00:00;1.539
2025-11-19 18:30:00;1.539
2025-11-19 19:30:00;1.539
2025-11-19 20:05:00;1.539
2025-11-19 21:57:00;1.539
2025-11-19 22:00:00;1.539
2025-11-20 12:59:00;1.609
2025-11-20 13:30:00;1.609
2025-11-20 14:00:00;1.599
2025-11-20 15:30:00;1.599
2025-11-20 16:00:00;1.599
2025-11-20 16:30:00;1.599
2025-11-20 17:00:00;1.599
2025-11-20 17:30:00;1.599
2025-11-20 19:53:00;1.599
2025-11-20 20:00:00;1.599
2025-11-21 12:30:00;1.619
2025-11-21 13:00:00;1.619
2025-11-21 13:30:00;1.619
2025-11-21 14:00:00;1.609
2025-11-21 14:30:00;1.609
2025-11-21 15:08:00;1.609
2025-11-21 15:34:00;1.609
2025-11-21 16:00:00;1.609
2025-11-21 16:30:00;1.609
2025-11-21 17:37:00;1.609
2025-11-21 18:00:00;1.609
2025-11-21 18:30:00;1.609
2025-11-21 19:00:00;1.609
2025-11-21 19:30:00;1.609
2025-11-21 20:00:00;1.609
2025-11-21 20:30:00;1.609
2025-11-21 21:00:00;1.609
2025-11-21 21:30:00;1.609
2025-11-21 22:00:00;1.609
2025-11-22 15:36:00;1.589
2025-11-22 16:00:00;1.579
2025-11-22 16:30:00;1.579
2025-11-22 17:00:00;1.579
2025-11-22 17:30:00;1.579
2025-11-22 18:00:00;1.579
2025-11-22 18:30:00;1.579
2025-11-22 19:00:00;1.579
2025-11-22 19:30:00;1.579
2025-11-22 20:00:00;1.579
2025-11-22 20:30:00;1.579
2025-11-23 11:00:00;1.599
2025-11-23 11:30:00;1.599
2025-11-23 12:00:00;1.599
2025-11-23 12:30:00;1.589
2025-11-23 13:00:00;1.589
2025-11-23 13:30:00;1.589
2025-11-23 14:00:00;1.589
2025-11-23 14:30:00;1.589
2025-11-23 15:00:00;1.589
2025-11-23 15:30:00;1.589
2025-11-23 16:00:00;1.579
2025-11-23 16:30:00;1.579
2025-11-23 17:27:00;1.579
2025-11-23 17:30:00;1.579
2025-11-23 18:00:00;1.579
2025-11-23 18:30:00;1.579
2025-11-23 19:00:00;1.579
2025-11-23 20:40:00;1.579
2025-11-23 21:00:00;1.579
2025-11-23 21:30:00;1.579
2025-11-24 07:30:00;1.679
2025-11-24 08:00:00;1.679
2025-11-24 08:30:00;1.669
2025-11-24 09:00:00;1.619
2025-11-24 10:30:00;1.609
2025-11-24 11:00:00;1.609
2025-11-24 11:30:00;1.609
2025-11-24 12:00:00;1.609
2025-11-24 12:30:00;1.579
2025-11-24 13:00:00;1.579
2025-11-24 13:30:00;1.579
2025-11-24 14:00:00;1.569
2025-11-24 14:30:00;1.559
2025-11-24 15:00:00;1.559
2025-11-24 15:30:00;1.559
2025-11-24 16:00:00;1.559
2025-11-24 16:30:00;1.559
2025-11-24 17:00:00;1.559
2025-11-24 17:30:00;1.559
2025-11-24 20:29:00;1.559
2025-11-24 20:30:00;1.559
2025-11-24 21:00:00;1.559
2025-11-24 21:30:00;1.559
2025-11-24 22:00:00;1.669
2025-11-25 10:00:00;1.599
2025-11-25 10:30:00;1.599
2025-11-25 11:00:00;1.599
2025-11-25 11:30:00;1.599
2025-11-25 12:00:00;1.599
2025-11-25 12:30:00;1.589
2025-11-25 13:25:00;1.589
2025-11-25 13:30:00;1.589
2025-11-25 14:00:00;1.579
2025-11-25 17:00:00;1.559
2025-11-25 17:33:00;1.559
2025-11-25 18:00:00;1.549
2025-11-25 18:35:00;1.549
2025-11-26 15:30:00;1.559
2025-11-26 16:00:00;1.559
2025-11-26 16:30:00;1.549
2025-11-26 17:00:00;1.549
2025-11-26 17:30:00;1.549
2025-11-26 18:00:00;1.549
2025-11-26 18:30:00;1.549
2025-11-26 20:30:00;1.549
2025-11-27 09:01:00;1.559
2025-11-27 09:30:00;1.549
2025-11-27 10:00:00;1.549
2025-11-27 16:00:00;1.529
2025-11-27 16:30:00;1.509
2025-11-27 17:00:00;1.509
2025-11-27 17:30:00;1.509
2025-11-27 18:00:00;1.509
2025-11-27 18:30:00;1.509
2025-11-27 19:00:00;1.509
2025-11-27 19:30:00;1.509
2025-11-27 20:00:00;1.509
2025-11-27 20:30:00;1.509
2025-11-27 21:00:00;1.509
2025-11-27 21:30:00;1.509
2025-11-28 08:00:00;1.639
2025-11-28 08:30:00;1.639
2025-11-30 14:38:00;1.549
2025-11-30 15:00:00;1.549
2025-11-30 15:30:00;1.549
2025-11-30 16:00:00;1.549
2025-11-30 16:30:00;1.539
2025-11-30 17:00:00;1.539
2025-11-30 17:30:00;1.539
2025-11-30 18:00:00;1.539
2025-11-30 18:30:00;1.539
2025-11-30 19:00:00;1.539
2025-11-30 19:30:00;1.539
2025-11-30 20:00:00;1.539
2025-11-30 20:30:00;1.539
2025-11-30 21:00:00;1.539
2025-11-30 21:30:00;1.539
2025-11-30 22:00:00;1.539
2025-12-01 08:31:00;1.639
2025-12-01 09:00:00;1.589
2025-12-01 09:30:00;1.589
2025-12-01 10:00:00;1.589
2025-12-01 10:30:00;1.589
2025-12-01 11:00:00;1.589
2025-12-01 11:30:00;1.589
2025-12-01 12:00:00;1.569
2025-12-01 16:30:00;1.549
2025-12-01 17:00:00;1.549
2025-12-01 17:30:00;1.549
2025-12-01 18:00:00;1.549
2025-12-01 18:30:00;1.549
2025-12-01 19:00:00;1.549
2025-12-01 20:34:00;1.549
2025-12-01 21:00:00;1.549
2025-12-01 21:30:00;1.549
2025-12-01 22:00:00;1.639
2025-12-02 14:51:00;1.539
2025-12-02 15:00:00;1.539
2025-12-02 15:30:00;1.539
2025-12-02 16:00:00;1.529
2025-12-02 16:30:00;1.529
2025-12-02 17:00:00;1.529
2025-12-02 17:30:00;1.529
2025-12-02 18:00:00;1.529
2025-12-02 18:30:00;1.529
2025-12-03 09:46:00;1.549
2025-12-03 10:00:00;1.549
2025-12-03 10:30:00;1.549
2025-12-03 11:00:00;1.549
2025-12-03 11:30:00;1.549
2025-12-03 12:00:00;1.539
2025-12-03 16:35:00;1.519
2025-12-03 17:03:00;1.519
2025-12-03 17:30:00;1.519
2025-12-03 18:00:00;1.519
2025-12-03 18:30:00;1.519
2025-12-03 19:00:00;1.519
2025-12-03 19:30:00;1.519
2025-12-03 20:00:00;1.519
2025-12-07 11:02:00;1.559
2025-12-07 11:30:00;1.559
2025-12-07 12:00:00;1.519
2025-12-07 12:30:00;1.489
2025-12-07 13:00:00;1.489
2025-12-07 13:30:00;1.489
2025-12-08 15:30:00;1.519
2025-12-08 16:00:00;1.509
2025-12-08 16:30:00;1.509
2025-12-08 17:00:00;1.509
2025-12-08 17:30:00;1.499
2025-12-08 18:00:00;1.499
2025-12-08 18:30:00;1.499
2025-12-08 19:00:00;1.499
2025-12-08 19:32:00;1.499
2025-12-08 20:00:00;1.499
2025-12-08 20:30:00;1.499
2025-12-08 21:00:00;1.499
2025-12-08 21:30:00;1.499
2025-12-08 22:00:00;1.499
2025-12-09 14:00:00;1.489
2025-12-09 14:30:00;1.489
2025-12-09 17:04:00;1.479
2025-12-11 09:00:00;1.559
2025-12-12 08:36:00;1.559
2025-12-12 09:00:00;1.559
2025-12-12 09:30:00;1.559
2025-12-12 11:30:00;1.519
2025-12-12 12:00:00;1.519
2025-12-12 14:49:00;1.479
2025-12-12 16:14:00;1.469
2025-12-12 16:50:00;1.469
2025-12-12 17:00:00;1.469
2025-12-12 17:30:00;1.469
2025-12-12 18:00:00;1.469
2025-12-12 18:31:00;1.469
2025-12-12 19:00:00;1.469
2025-12-12 19:30:00;1.469
2025-12-12 20:22:00;1.469
2025-12-12 20:30:00;1.469
2025-12-12 22:00:00;1.469
2025-12-13 09:30:00;1.569
2025-12-13 10:08:00;1.569
2025-12-13 10:30:00;1.569
2025-12-13 15:47:00;1.469
2025-12-13 16:00:00;1.469
2025-12-13 16:30:00;1.469
2025-12-13 22:02:00;1.459
2025-12-13 22:30:00;1.459
2025-12-14 18:55:00;1.479
2025-12-15 11:00:00;1.509
2025-12-15 11:30:00;1.509
2025-12-15 22:51:00;1.469
2025-12-15 23:00:00;1.469
2025-12-16 18:29:00;1.469
2025-12-16 18:30:00;1.469
2025-12-16 19:00:00;1.469
2025-12-16 19:30:00;1.469
2025-12-20 20:30:00;1.439
2025-12-20 21:00:00;1.439
2025-12-20 21:30:00;1.439
2025-12-20 22:00:00;1.439
2025-12-21 09:30:00;1.559
2025-12-21 10:00:00;1.559
2025-12-21 10:30:00;1.509
2025-12-21 11:00:00;1.509
2025-12-21 11:30:00;1.489
2025-12-21 12:00:00;1.479
2025-12-22 15:00:00;1.469
2025-12-22 15:30:00;1.469
2025-12-22 16:30:00;1.459
2025-12-22 17:00:00;1.459
2025-12-22 17:30:00;1.459
2025-12-22 19:12:00;1.449
2025-12-22 19:30:00;1.449
2025-12-22 20:00:00;1.449
2025-12-22 20:30:00;1.449
2025-12-23 18:00:00;1.479
2025-12-23 18:30:00;1.479
2025-12-23 19:00:00;1.479
2025-12-23 20:04:00;1.479
2025-12-24 16:00:00;1.479
2025-12-24 17:16:00;1.479
2025-12-24 17:30:00;1.479
2025-12-26 14:00:00;1.509
2025-12-26 14:30:00;1.509
2025-12-26 15:00:00;1.509
2025-12-26 21:24:00;1.559
2025-12-26 21:30:00;1.559
2025-12-26 22:00:00;1.559
2025-12-27 19:10:00;1.479
2025-12-27 19:30:00;1.479
2025-12-27 20:41:00;1.479
2025-12-27 21:00:00;1.479
2025-12-27 21:30:00;1.479
2025-12-28 17:00:00;1.509
2025-12-28 17:30:00;1.509
2025-12-28 18:00:00;1.509
2025-12-28 18:30:00;1.509
2025-12-28 19:00:00;1.509
2025-12-28 19:30:00;1.509
2025-12-29 12:02:00;1.489
2025-12-29 14:48:00;1.479
2025-12-29 15:00:00;1.479
2025-12-29 15:30:00;1.479
2025-12-29 16:00:00;1.479
2025-12-29 17:36:00;1.459
2025-12-29 18:00:00;1.459
2025-12-29 18:30:00;1.449
2025-12-29 19:00:00;1.449
2025-12-29 19:30:00;1.449
2025-12-29 20:00:00;1.449
2025-12-29 20:31:00;1.449
2025-12-29 21:00:00;1.449
2025-12-30 08:00:00;1.559
2025-12-30 08:30:00;1.559
2025-12-30 09:00:00;1.559
2025-12-30 09:30:00;1.539
2025-12-30 11:01:00;1.539
2025-12-30 11:30:00;1.539
2025-12-30 12:00:00;1.539
2025-12-31 09:20:00;1.559
2025-12-31 09:30:00;1.559
2025-12-31 10:00:00;1.549
2025-12-31 10:30:00;1.549
2025-12-31 11:00:00;1.549
2025-12-31 11:53:00;1.549
2025-12-31 12:00:00;1.549
2025-12-31 12:30:00;1.549
2025-12-31 14:30:00;1.549
2025-12-31 15:29:00;1.549
2025-12-31 15:30:00;1.549
2026-01-02 12:30:00;1.549
2026-01-02 18:00:00;1.549
2026-01-02 18:30:00;1.549
2026-01-02 19:01:00;1.549
2026-01-02 19:30:00;1.549
2026-01-02 20:00:00;1.549
2026-01-02 20:30:00;1.549
2026-01-02 21:00:00;1.549
2026-01-02 21:30:00;1.549
2026-01-02 22:00:00;1.549
2026-01-03 13:30:00;1.539
2026-01-03 14:00:00;1.539
2026-01-03 14:30:00;1.539
2026-01-03 15:00:00;1.539
2026-01-03 15:30:00;1.539
2026-01-03 16:00:00;1.539
2026-01-03 16:30:00;1.539
2026-01-03 18:15:00;1.529
2026-01-03 18:30:00;1.529
2026-01-03 19:00:00;1.529
2026-01-03 19:30:00;1.529
2026-01-03 20:00:00;1.529
2026-01-03 20:30:00;1.529
2026-01-03 21:00:00;1.529
2026-01-04 14:00:00;1.539
2026-01-04 15:00:00;1.539
2026-01-04 15:30:00;1.539
2026-01-04 16:18:00;1.539
2026-01-04 16:30:00;1.539
2026-01-04 17:00:00;1.529
2026-01-04 17:30:00;1.529
2026-01-04 18:00:00;1.529
2026-01-04 18:30:00;1.529
2026-01-04 19:00:00;1.529
2026-01-04 19:30:00;1.529
2026-01-04 20:00:00;1.529
2026-01-04 20:30:00;1.529
2026-01-04 21:00:00;1.529
2026-01-04 21:30:00;1.529
2026-01-04 22:00:00;1.529
2026-01-05 15:00:00;1.529
2026-01-05 15:30:00;1.529
2026-01-05 16:00:00;1.529
2026-01-05 16:30:00;1.529
2026-01-05 17:00:00;1.529
2026-01-05 17:30:00;1.529
2026-01-05 18:00:00;1.529
2026-01-05 18:30:00;1.519
2026-01-05 19:00:00;1.519
2026-01-05 19:30:00;1.519
2026-01-06 09:16:00;1.589
2026-01-06 09:30:00;1.589
2026-01-06 10:00:00;1.589
2026-01-06 10:30:00;1.589
2026-01-06 11:00:00;1.589
2026-01-06 11:30:00;1.589
2026-01-06 12:00:00;1.589
2026-01-06 13:09:00;1.579
2026-01-06 13:30:00;1.579
2026-01-06 14:00:00;1.579
2026-01-07 08:00:00;1.649
2026-01-07 08:30:00;1.649
2026-01-07 09:00:00;1.629
2026-01-07 13:50:00;1.599
2026-01-07 14:00:00;1.599
2026-01-07 14:30:00;1.599
2026-01-07 15:13:00;1.599
2026-01-07 15:30:00;1.599
2026-01-07 16:00:00;1.589
2026-01-07 16:41:00;1.589
2026-01-07 16:42:38;1.589
2026-01-07 16:46:14;1.589
2026-01-07 16:49:09;1.589
2026-01-07 16:55:17;1.589
2026-01-07 16:58:38;1.589
2026-01-07 16:58:53;1.589
2026-01-07 17:01:11;1.589
2026-01-07 17:01:25;1.589
2026-01-07 17:02:27;1.589
2026-01-07 17:04:31;1.589
2026-01-07 17:05:26;1.589
